dev_auc,nodev_auc,dev_ks,nodev_ks,nodev_dev_psi
0.9883923247208358,0.967151007309681,0.9711155948014606,0.9479408094134427,0.011840020456621473
