dev_auc,nodev_auc,dev_ks,nodev_ks,nodev_dev_psi
0.8162206208816378,0.7967692676448989,0.469057519057519,0.47651502538079227,0.009293341997162745
